{
	  "Repair": {
	    "product": {
	      "string": [
		"EW-DJ40 - ORAL CARE",
		"EW-DL75 - ORAL CARE",
		"EW-DL83 - ORAL CARE",
		"EW-DM81 - ORAL CARE",
		"ES-WE22 - BEAUTY CARE",
		"ES-WH74 - BEAUTY CARE",
		"ES-WH80 - BEAUTY CARE",
		"ES-WH90 - BEAUTY CARE",
		"SD-ZF2010 - BREADMAKER",
		"SD-ZP2000 - BREADMAKER",
		"SD-ZX2522 - BREADMAKER",
		"HC-MDH3 - CAMCORDER",
		"HC-V160 - CAMCORDER",
		"HC-V180 - CAMCORDER",
		"HC-V260 - CAMCORDER",
		"HC-V270 - CAMCORDER",
		"HC-V380 - CAMCORDER",
		"HC-V770 - CAMCORDER",
		"HC-V777 - CAMCORDER",
		"HC-V800 - CAMCORDER",
		"DMC-LX15 - CAMERA",
		"DMC-LX100 - CAMERA",
		"DMC-SZ3 - CAMERA",
		"DMC-SZ10 - CAMERA",
		"DMC-TZ35 - CAMERA",
		"DMC-TZ36 - CAMERA",
		"DMC-TZ40 - CAMERA",
		"DMC-TZ41 - CAMERA",
		"DMC-TZ55 - CAMERA",
		"DMC-TZ57 - CAMERA",
		"DMC-TZ58 - CAMERA",
		"DMC-TZ60 - CAMERA",
		"DMC-TZ70 - CAMERA",
		"SR-DF101 - COOKER",
		"SR-DF181 - COOKER",
		"SR-TMH501 - COOKER",
		"SR-TMJ501 - COOKER",
		"SR-TMX530 - COOKER",
		"HL-MX465 - MICROWAVE OVEN CONSUMER",
		"MK-F800 - FOOD PREPARATION",
		"MX-S101 - FOOD PREPARATION",
		"MX-S301 - FOOD PREPARATION",
		"MX-S401 - FOOD PREPARATION",
		"MX-ZX1800 - FOOD PREPARATION",
		"RP-BTD5 - HEADPHONES & OTHER",
		"RP-BTS10 - HEADPHONES & OTHER",
		"RP-BTS30 - HEADPHONES & OTHER",
		"RP-BTS35 - HEADPHONES & OTHER",
		"RP-BTS50 - HEADPHONES & OTHER",
		"RP-BTS55 - HEADPHONES & OTHER",
		"RP-HD5 - HEADPHONES & OTHER",
		"RP-HD6 - HEADPHONES & OTHER",
		"RP-HD605 - HEADPHONES & OTHER",
		"RP-HDE3 - HEADPHONES & OTHER",
		"SA-MAX370 - HIFI & AUDIO",
		"SA-MAX4000 - HIFI & AUDIO",
		"SA-MAX7000 - HIFI & AUDIO",
		"SA-PMX82 - HIFI & AUDIO",
		"SB-MAX370 - HIFI & AUDIO",
		"SB-MAX4000 - HIFI & AUDIO",
		"SB-MAX7000 - HIFI & AUDIO",
		"SC-1020 - HIFI & AUDIO",
		"SC-AKX200 - HIFI & AUDIO",
		"SC-AKX400 - HIFI & AUDIO",
		"SC-AKX660 - HIFI & AUDIO",
		"SC-AKX710 - HIFI & AUDIO",
		"SC-ALL2 - HIFI & AUDIO",
		"SC-ALL3 - HIFI & AUDIO",
		"SC-ALL05 - HIFI & AUDIO",
		"TH-37PV7 - PLASMA TELEVISION",
		"TH-37PX70 - PLASMA TELEVISION",
		"TH-37PX80 - PLASMA TELEVISION",
		"TH-42PA50 - PLASMA TELEVISION",
		"TH-42PX8 - PLASMA TELEVISION",
		"TH-42PX71 - PLASMA TELEVISION",
		"TH-42PX74 - PLASMA TELEVISION",
		"TH-42PX80 - PLASMA TELEVISION",
		"TH-42PX81 - PLASMA TELEVISION",
		"TX-24AS510 - LED TELEVISION",
		"TX-24ASW504 - LED TELEVISION",
		"TX-26LMD70 - LED TELEVISION",
		"TX-26LX80 - LED TELEVISION",
		"TX-26LXD8 - LED TELEVISION",
		"TX-32A400 - LED TELEVISION",
		"TX-32AS500 - LED TELEVISION",
		"TX-32AS520 - LED TELEVISION",
		"TX-32AS600 - LED TELEVISION",
		"TX-32ASF607 - LED TELEVISION",
		"TX-32ASN608 - LED TELEVISION",
		"TX-32AST606 - LED TELEVISION",
		"TX-32ASW604 - LED TELEVISION",
		"KX-TG7861 - HOME PHONE",
		"KX-TG7861 - HOME PHONE",
		"KX-TG7861 - HOME PHONE",
		"KX-TG7861 - HOME PHONE",
		"KX-TG7861 - HOME PHONE",
		"TX-55GZ1000 - OLED TELEVISION",
		"TX-55GZW1004 - OLED TELEVISION",
		"TX-65GZ1000 - OLED TELEVISION",
		"TX-65GZC1004 - OLED TELEVISION",
		"TX-65GZW1004 - OLED TELEVISION"
	      ]
	    },
	     "country": {
      		"string": [
        	 "BE",
        	 "BG",
        	 "CH",
        	 "CH",
       		 "CZ",
       		 "DE",
      		 "DK",
      		 "EE",
      		 "ES",
    		 "FI",
     		 "FR",
    		 "HR",
      		 "HU",
   		 "IT",
    		 "LT",
  		 "LV",
    		 "NL",
 		 "NO",
    		 "PL",
   		 "PT",
    		 "RO",
         	 "RS",
       		 "SE",
       		 "SI",
       		 "SK",
      		 "GB",
    		 "TR"
      		]
    	},
	"language": {
	    "string": [
	    	"fr",
		"nl",
		"bg",
		"de",
		"cs",
		"da",
		"et",
		"es",
		"fi",
		"fr",
		"hr",
		"hu",
		"it",
		"lt",
		"lv",
		"no",
		"pl",
		"pt",
		"ro",
		"rs",
		"se",
		"si",
		"sk",
		"en",
		"tr"
	    ]
	}
  }
}
